"","value"
"1","/web-exclusives/2020/02/a-pakaluk-of-lies"
"2","/article/2018/03/the-lost-modernist"
"3","/article/2017/11/shock-of-the-real"
"4","/web-exclusives/2017/10/angelic-monster"
"5","/article/2017/05/empson-in-the-east"
"6","/article/2017/04/from-a-vanished-library"
"7","/article/2017/01/getting-to-larisa"
"8","/article/2016/06/mammon-ascendant"
"9","/article/2016/05/the-scholar-and-the-nymph"
"10","/article/2016/04/roland-on-the-secret-soul"
"11","/article/2016/04/the-dream-childs-progress"
"12","/article/2016/02/fie-upon-phi"
"13","/article/2016/01/a-dialogue-upon-the-island"
"14","/article/2015/12/habetis-papam"
"15","/article/2015/11/roland-on-dreams"
"16","/article/2015/10/saint-origen"
"17","/article/2015/08/roland-on-vaikuntha"
"18","/article/2015/06/romans-81922"
"19","/article/2015/05/traditio-deformis"
"20","/article/2015/04/vinculum-magnum-entis"
"21","/article/2015/03/reasons-faith"
"22","/article/2015/02/roland-on-free-will"
"23","/article/2015/01/ad-litteram"
"24","/article/2015/01/ad-litteram"
"25","/article/2014/12/should-science-think"
"26","/article/2014/06/roland-in-moonlight"
"27","/article/2014/05/gods-and-gopniks"
"28","/article/2014/05/the-nietzsche-of-recanati"
"29","/article/2014/04/the-love-of-wisdom"
"30","/article/2014/03/nabokovs-supernatural-secret"
"31","/article/2014/03/roland-on-consciousness"
"32","/article/2014/02/a-phantoms-visit-cb"
"33","/article/2014/01/from-a-lost-world"
"34","/article/2013/12/these-fragments-have-i-shored"
"35","/article/2013/11/emergence-and-formation"
"36","/article/2013/11/dante-decluttered"
"37","/article/2013/10/the-true-helen"
"38","/article/2013/08/purpose-and-function"
"39","/article/2013/08/no-enduring-city"
"40","/article/2013/06/god-gods-and-fairies"
"41","/web-exclusives/2013/05/from-the-may-first-things-ldquonature-loves-to-hiderdquo"
"42","/article/2013/05/nature-loves-to-hide"
"43","/article/2013/04/si-fueris-romae"
"44","/article/2013/04/japans-epic"
"45","/article/2013/03/is-ought-and-natures-laws"
"46","/web-exclusives/2013/02/is-ought-and-natures-laws"
"47","/article/2013/02/seeing-the-god"
"48","/article/2013/01/jungs-therapeutic-gnosticism"
"49","/article/2013/01/the-long-march-ahead"
"50","/web-exclusives/2012/12/jungs-therapeutic-gnosticism"
"51","/article/2012/12/god-and-the-mad-hatter"
"52","/article/2012/11/therapeutic-superstition"
"53","/article/2012/10/brilliantly-bad-books"
"54","/article/2012/08/through-a-gloss-darkly"
"55","/article/2012/06/death-the-stranger"
"56","/article/2012/05/in-praise-of-good-bad-books"
"57","/article/2012/04/a-dream-for-our-political-season"
"58","/article/2012/03/the-inertia-of-reputation"
"59","/article/2012/02/the-needles-eye"
"60","/article/2012/01/the-precious-steven-pinker"
"61","/article/2011/12/luminous-wisdom"
"62","/web-exclusives/2011/11/mediocritys-tribute"
"63","/web-exclusives/2011/09/lupinity-felinity-and-the-limits-of-method"
"64","/web-exclusives/2011/09/aloysius-bentleys-melancholy"
"65","/web-exclusives/2011/08/saith-the-prescriptivist-there-is-nothing-new-transpired-under-the-sun"
"66","/web-exclusives/2011/07/le-mot-juste"
"67","/web-exclusives/2011/07/seven-characters-in-search-of-a-nihil-obstat"
"68","/article/2011/07/a-splendid-wickedness"
"69","/web-exclusives/2011/07/great-uncle-aloysius"
"70","/web-exclusives/2011/06/patrick-leigh-fermor-rip"
"71","/web-exclusives/2011/06/the-desire-of-the-nations"
"72","/web-exclusives/2011/05/farewell-to-a-mountain"
"73","/web-exclusives/2011/05/a-person-you-flee-at-parties"
"74","/article/2011/05/the-trouble-with-ayn-rand"
"75","/web-exclusives/2011/04/the-power-of-the-sword"
"76","/web-exclusives/2011/03/polite-discourtesy"
"77","/web-exclusives/2011/03/a-modest-proposal"
"78","/article/2011/03/whooshing-through-life"
"79","/web-exclusives/2011/02/golf-and-the-metaphysics-of-morals"
"80","/article/2011/02/a-philosopher-in-the-twilight"
"81","/web-exclusives/2011/01/the-church-of-the-east"
"82","/web-exclusives/2011/01/an-infinite-passion"
"83","/web-exclusives/2010/12/new-years-titanic-gods"
"84","/web-exclusives/2010/12/a-forgotten-poet"
"85","/web-exclusives/2010/12/the-abbot-and-aunt-susie"
"86","/web-exclusives/2010/11/anarcho-monarchism"
"87","/article/2010/11/the-mysterious-stranger"
"88","/web-exclusives/2010/10/hellipof-hills-brooks-standing-lakes-and-groveshellip"
"89","/web-exclusives/2010/10/the-desirists-unsatisfiable-desires"
"90","/web-exclusives/2010/10/charity-and-patriotism-further-reflections"
"91","/web-exclusives/2010/09/the-greatest-nation-on-earth"
"92","/web-exclusives/2010/09/the-appeal-of-a-world-scattered-and-scorched"
"93","/web-exclusives/2010/08/mysteries-of-consciousness"
"94","/web-exclusives/2010/08/julian-our-contemporary"
"95","/article/2010/08/a-perfect-game"
"96","/web-exclusives/2010/06/the-perniciously-persistent-myths-of-hypatia-and-the-great-library"
"97","/article/2010/05/believe-it-or-not"
"98","/article/2010/04/six-years-in-tibet"
"99","/web-exclusives/2010/03/the-sanest-of-men"
"100","/web-exclusives/2010/01/haitis-devils"
"101","/web-exclusives/2010/01/tsunami-and-theodicy-haiti"
"102","/article/2010/01/the-dawkins-evolution"
"103","/web-exclusives/2009/11/imprisoned"
"104","/web-exclusives/2009/11/soul-sisters"
"105","/web-exclusives/2009/10/the-secret-commonwealth"
"106","/web-exclusives/2009/10/obama-and-the-lama"
"107","/article/2009/10/origin-of-the-specious"
"108","/web-exclusives/2009/10/the-music-of-eternity"
"109","/web-exclusives/2009/09/saint-sakyamuni"
"110","/web-exclusives/2009/09/tolstoy-and-dostoevsky-and-christ"
"111","/web-exclusives/2009/08/on-butterflies-and-being"
"112","/web-exclusives/2009/08/upward-and-onward"
"113","/web-exclusives/2009/07/the-gnostic-turn"
"114","/web-exclusives/2008/05/tsunami-and-theodicy"
"115","/article/2007/01/daniel-dennett-hunts-the-snark"
"116","/article/2005/10/the-lively-god-of-robert-jenson"
"117","/article/2005/03/tsunami-and-theodicy"
"118","/article/2005/02/roland-redivivus"
"119","/article/2005/01/the-laughter-of-the-philosophers"
"120","/article/2004/06/freedom-and-decency"
"121","/article/2004/05/waugh-abroad-collected-travel-writing"
"122","/article/2004/01/taras-bulba"
"123","/article/2003/12/a-most-partial-historian"
"124","/article/2003/10/christ-and-nothing"
"125","/article/2001/03/the-future-of-the-papacy-a-symposium"
"126","/article/2000/08/church-and-israel-after-christendom-the-politics-of-election"
"127","/article/1998/11/005-beyond-reductionism"
